{
"Profiles": [
{
  "Link Color" : {
    "Red Component" : 0.25490196078431371,
    "Color Space" : "sRGB",
    "Blue Component" : 0.70196078431372544,
    "Alpha Component" : 1,
    "Green Component" : 0.47843137254901963
  },
  "Tags" : [

  ],
  "Ansi 12 Color" : {
    "Green Component" : 0.420734703540802,
    "Red Component" : 0.29605811834335327,
    "Blue Component" : 0.53338390588760376
  },
  "Ansi 7 Color" : {
    "Red Component" : 0.52183366566896439,
    "Color Space" : "sRGB",
    "Blue Component" : 0.49728061258792877,
    "Alpha Component" : 1,
    "Green Component" : 0.54638671875
  },
  "Ansi 8 Color" : {
    "Red Component" : 0.40000000000000002,
    "Color Space" : "sRGB",
    "Blue Component" : 0.40000000000000002,
    "Alpha Component" : 1,
    "Green Component" : 0.40000000000000002
  },
  "Bold Color" : {
    "Green Component" : 0.73781722784042358,
    "Red Component" : 0.71933764219284058,
    "Blue Component" : 0.72798359394073486
  },
  "Ansi 9 Color" : {
    "Green Component" : 0.17900724709033966,
    "Red Component" : 0.5527348518371582,
    "Blue Component" : 0.19629062712192535
  },
  "Ansi 1 Color" : {
    "Red Component" : 0.77254901960784317,
    "Color Space" : "sRGB",
    "Blue Component" : 0.3843137254901961,
    "Alpha Component" : 1,
    "Green Component" : 0.3843137254901961
  },
  "Horizontal Spacing" : 1,
  "Rows" : 30,
  "Default Bookmark" : "No",
  "Cursor Guide Color" : {
    "Red Component" : 0.64503963710740209,
    "Color Space" : "sRGB",
    "Blue Component" : 0.687896728515625,
    "Alpha Component" : 0.25,
    "Green Component" : 0.67736644137738256
  },
  "Non-ASCII Anti Aliased" : true,
  "Use Bright Bold" : false,
  "Ansi 10 Color" : {
    "Green Component" : 0.51726025340000004,
    "Red Component" : 0.47279784079999998,
    "Blue Component" : 0.1934914291
  },
  "Ambiguous Double Width" : false,
  "Jobs to Ignore" : [
    "rlogin",
    "ssh",
    "slogin",
    "telnet"
  ],
  "Ansi 15 Color" : {
    "Green Component" : 0.38266518712043762,
    "Red Component" : 0.35304740071296692,
    "Blue Component" : 0.41454979777336121
  },
  "Foreground Color" : {
    "Red Component" : 0,
    "Color Space" : "sRGB",
    "Blue Component" : 0,
    "Alpha Component" : 1,
    "Green Component" : 0
  },
  "Working Directory" : "\/Users\/arkadiuszplichta",
  "Use Tab Color" : false,
  "Blinking Cursor" : false,
  "Disable Window Resizing" : true,
  "Sync Title" : false,
  "Prompt Before Closing 2" : false,
  "BM Growl" : true,
  "Command" : "",
  "Description" : "Default",
  "Space" : 0,
  "Mouse Reporting" : true,
  "Screen" : -1,
  "Selection Color" : {
    "Red Component" : 0.75686274509803919,
    "Color Space" : "sRGB",
    "Blue Component" : 1,
    "Alpha Component" : 1,
    "Green Component" : 0.8666666666666667
  },
  "Columns" : 100,
  "Idle Code" : 0,
  "Ansi 13 Color" : {
    "Green Component" : 0.31322062015533447,
    "Red Component" : 0.43185719847679138,
    "Blue Component" : 0.47512847185134888
  },
  "Custom Command" : "No",
  "ASCII Anti Aliased" : true,
  "Non Ascii Font" : "Monaco 12",
  "Vertical Spacing" : 1,
  "Use Bold Font" : true,
  "Option Key Sends" : 0,
  "Selected Text Color" : {
    "Red Component" : 0,
    "Color Space" : "sRGB",
    "Blue Component" : 0,
    "Alpha Component" : 1,
    "Green Component" : 0
  },
  "Background Color" : {
    "Red Component" : 0.89411764705882357,
    "Color Space" : "sRGB",
    "Blue Component" : 0.89411764705882357,
    "Alpha Component" : 1,
    "Green Component" : 0.89411764705882357
  },
  "Character Encoding" : 4,
  "Ansi 11 Color" : {
    "Green Component" : 0.53968650100000004,
    "Red Component" : 0.8995583653,
    "Blue Component" : 0.31311613319999998
  },
  "Use Italic Font" : true,
  "Unlimited Scrollback" : false,
  "Keyboard Map" : {
    "0xf700-0x260000" : {
      "Action" : 10,
      "Text" : "[1;6A"
    },
    "0x37-0x40000" : {
      "Action" : 11,
      "Text" : "0x1f"
    },
    "0x32-0x40000" : {
      "Action" : 11,
      "Text" : "0x00"
    },
    "0xf709-0x20000" : {
      "Action" : 10,
      "Text" : "[17;2~"
    },
    "0xf70c-0x20000" : {
      "Action" : 10,
      "Text" : "[20;2~"
    },
    "0xf729-0x20000" : {
      "Action" : 10,
      "Text" : "[1;2H"
    },
    "0xf72b-0x40000" : {
      "Action" : 10,
      "Text" : "[1;5F"
    },
    "0xf705-0x20000" : {
      "Action" : 10,
      "Text" : "[1;2Q"
    },
    "0xf703-0x260000" : {
      "Action" : 10,
      "Text" : "[1;6C"
    },
    "0xf700-0x220000" : {
      "Action" : 10,
      "Text" : "[1;2A"
    },
    "0xf701-0x280000" : {
      "Action" : 11,
      "Text" : "0x1b 0x1b 0x5b 0x42"
    },
    "0x38-0x40000" : {
      "Action" : 11,
      "Text" : "0x7f"
    },
    "0x33-0x40000" : {
      "Action" : 11,
      "Text" : "0x1b"
    },
    "0xf703-0x220000" : {
      "Action" : 10,
      "Text" : "[1;2C"
    },
    "0xf701-0x240000" : {
      "Action" : 10,
      "Text" : "[1;5B"
    },
    "0xf70d-0x20000" : {
      "Action" : 10,
      "Text" : "[21;2~"
    },
    "0xf702-0x260000" : {
      "Action" : 10,
      "Text" : "[1;6D"
    },
    "0xf729-0x40000" : {
      "Action" : 10,
      "Text" : "[1;5H"
    },
    "0xf706-0x20000" : {
      "Action" : 10,
      "Text" : "[1;2R"
    },
    "0x34-0x40000" : {
      "Action" : 11,
      "Text" : "0x1c"
    },
    "0xf700-0x280000" : {
      "Action" : 11,
      "Text" : "0x1b 0x1b 0x5b 0x41"
    },
    "0x2d-0x40000" : {
      "Action" : 11,
      "Text" : "0x1f"
    },
    "0xf70e-0x20000" : {
      "Action" : 10,
      "Text" : "[23;2~"
    },
    "0xf702-0x220000" : {
      "Action" : 10,
      "Text" : "[1;2D"
    },
    "0xf703-0x280000" : {
      "Action" : 11,
      "Text" : "0x1b 0x1b 0x5b 0x43"
    },
    "0xf700-0x240000" : {
      "Action" : 10,
      "Text" : "[1;5A"
    },
    "0xf707-0x20000" : {
      "Action" : 10,
      "Text" : "[1;2S"
    },
    "0xf70a-0x20000" : {
      "Action" : 10,
      "Text" : "[18;2~"
    },
    "0x35-0x40000" : {
      "Action" : 11,
      "Text" : "0x1d"
    },
    "0xf70f-0x20000" : {
      "Action" : 10,
      "Text" : "[24;2~"
    },
    "0xf703-0x240000" : {
      "Action" : 10,
      "Text" : "[1;5C"
    },
    "0xf701-0x260000" : {
      "Action" : 10,
      "Text" : "[1;6B"
    },
    "0xf702-0x280000" : {
      "Action" : 11,
      "Text" : "0x1b 0x1b 0x5b 0x44"
    },
    "0xf72b-0x20000" : {
      "Action" : 10,
      "Text" : "[1;2F"
    },
    "0x36-0x40000" : {
      "Action" : 11,
      "Text" : "0x1e"
    },
    "0xf708-0x20000" : {
      "Action" : 10,
      "Text" : "[15;2~"
    },
    "0xf701-0x220000" : {
      "Action" : 10,
      "Text" : "[1;2B"
    },
    "0xf70b-0x20000" : {
      "Action" : 10,
      "Text" : "[19;2~"
    },
    "0xf702-0x240000" : {
      "Action" : 10,
      "Text" : "[1;5D"
    },
    "0xf704-0x20000" : {
      "Action" : 10,
      "Text" : "[1;2P"
    }
  },
  "Window Type" : 0,
  "Cursor Boost" : 0,
  "Background Image Location" : "",
  "Blur" : false,
  "Badge Color" : {
    "Red Component" : 1,
    "Color Space" : "sRGB",
    "Blue Component" : 0,
    "Alpha Component" : 0.5,
    "Green Component" : 0.14910027384757996
  },
  "Scrollback Lines" : 1000,
  "Send Code When Idle" : false,
  "Close Sessions On End" : true,
  "Terminal Type" : "xterm-256color",
  "Visual Bell" : true,
  "Flashing Bell" : false,
  "Silence Bell" : false,
  "Ansi 14 Color" : {
    "Green Component" : 0.48341637849807739,
    "Red Component" : 0.30198413133621216,
    "Blue Component" : 0.45474731922149658
  },
  "Name" : "Light",
  "Cursor Text Color" : {
    "Red Component" : 1,
    "Color Space" : "sRGB",
    "Blue Component" : 0.99607843137254903,
    "Alpha Component" : 1,
    "Green Component" : 0.99607843137254903
  },
  "Shortcut" : "",
  "Cursor Color" : {
    "Red Component" : 0.29999999999999999,
    "Color Space" : "sRGB",
    "Blue Component" : 0.29999999999999999,
    "Alpha Component" : 1,